{"train_loss": -15.664895057678223, "epoch": 0, "trainer/global_step": 99, "_timestamp": 1681427249, "_runtime": 82, "_step": 4, "CRPS-Sum": 0.10048360837626644, "CRPS": 0.08920482615457394, "MSE-Sum": 0.5317029825846354, "MSE": 0.012190374283281926, "_wandb": {"runtime": 81}}