{"train_loss": -17.211307525634766, "epoch": 0, "trainer/global_step": 99, "_timestamp": 1681423352, "_runtime": 67, "_step": 4, "CRPS-Sum": 0.0766777543494526, "CRPS": 0.06716824275305114, "MSE-Sum": 0.32697042147318517, "MSE": 0.007659090007424349, "_wandb": {"runtime": 66}}